raceId,driverId,lap,position,time,milliseconds
1100,847,1,1,1:37.854,97854
1100,847,2,1,2:13.298,133298
1100,847,3,1,2:12.017,132017
1100,847,4,1,1:23.134,83134
1100,847,5,1,1:23.134,83134
1100,847,6,1,1:23.159,83159
1100,847,7,7,1:47.537,107537
1100,847,8,7,18:08.782,1088782
1100,847,9,7,3:23.766,203766
1100,847,10,5,1:29.218,89218
1100,847,11,5,1:24.617,84617
1100,847,12,5,1:23.169,83169
1100,847,13,4,1:23.705,83705
1100,847,14,4,1:23.073,83073
1100,847,15,4,1:23.079,83079
1100,847,16,4,1:22.680,82680
1100,847,17,15,1:34.488,94488
1100,1,1,2,1:40.229,100229
1100,1,2,2,2:12.287,132287
1100,1,3,2,2:11.362,131362
1100,1,4,2,1:23.295,83295
1100,1,5,2,1:23.170,83170
1100,1,6,2,1:22.890,82890
1100,1,7,1,1:34.144,94144
1100,1,8,1,2:52.330,172330
1100,1,9,1,18:14.740,1094740
1100,1,10,1,2:03.620,123620
1100,1,11,1,1:23.790,83790
1100,1,12,2,1:24.616,84616
1100,1,13,2,1:23.771,83771
1100,1,14,2,1:23.618,83618
1100,1,15,2,1:22.998,82998
1100,1,16,2,1:22.934,82934
1100,1,17,2,1:22.121,82121
1100,1,18,2,1:40.488,100488
1100,1,19,2,1:43.041,103041
1100,1,20,2,1:22.120,82120
1100,1,21,2,1:22.704,82704
1100,1,22,2,1:22.720,82720
1100,1,23,2,1:22.971,82971
1100,1,24,2,1:23.174,83174
1100,1,25,2,1:22.456,82456
1100,1,26,2,1:22.595,82595
1100,1,27,2,1:22.131,82131
1100,1,28,2,1:22.008,82008
1100,1,29,2,1:22.715,82715
1100,1,30,2,1:22.205,82205
1100,1,31,2,1:22.220,82220
1100,1,32,2,1:22.551,82551
1100,1,33,2,1:21.654,81654
1100,1,34,2,1:21.973,81973
1100,1,35,2,1:21.832,81832
1100,1,36,2,1:22.080,82080
1100,1,37,2,1:21.400,81400
1100,1,38,2,1:21.693,81693
1100,1,39,2,1:21.315,81315
1100,1,40,2,1:21.563,81563
1100,1,41,2,1:21.267,81267
1100,1,42,2,1:21.379,81379
1100,1,43,2,1:21.073,81073
1100,1,44,2,1:20.981,80981
1100,1,45,2,1:21.422,81422
1100,1,46,2,1:21.029,81029
1100,1,47,2,1:20.816,80816
1100,1,48,2,1:20.850,80850
1100,1,49,2,1:20.613,80613
1100,1,50,2,1:20.909,80909
1100,1,51,2,1:20.682,80682
1100,1,52,2,1:20.741,80741
1100,1,53,2,1:20.652,80652
1100,1,54,2,1:35.603,95603
1100,1,55,2,2:39.291,159291
1100,1,56,2,18:03.530,1083530
1100,1,57,2,2:24.440,144440
1100,1,58,2,33:31.748,2011748
1100,830,1,3,1:41.571,101571
1100,830,2,3,2:12.105,132105
1100,830,3,3,2:10.657,130657
1100,830,4,3,1:23.391,83391
1100,830,5,3,1:23.104,83104
1100,830,6,3,1:22.843,82843
1100,830,7,2,1:35.070,95070
1100,830,8,2,18:00.581,1080581
1100,830,9,2,3:41.774,221774
1100,830,10,2,1:27.827,87827
1100,830,11,2,1:23.460,83460
1100,830,12,1,1:21.994,81994
1100,830,13,1,1:23.286,83286
1100,830,14,1,1:22.869,82869
1100,830,15,1,1:22.817,82817
1100,830,16,1,1:22.599,82599
1100,830,17,1,1:22.595,82595
1100,830,18,1,1:40.315,100315
1100,830,19,1,1:43.750,103750
1100,830,20,1,1:22.389,82389
1100,830,21,1,1:22.110,82110
1100,830,22,1,1:22.269,82269
1100,830,23,1,1:22.193,82193
1100,830,24,1,1:21.843,81843
1100,830,25,1,1:22.104,82104
1100,830,26,1,1:21.972,81972
1100,830,27,1,1:21.924,81924
1100,830,28,1,1:21.926,81926
1100,830,29,1,1:21.772,81772
1100,830,30,1,1:22.002,82002
1100,830,31,1,1:22.024,82024
1100,830,32,1,1:22.012,82012
1100,830,33,1,1:21.819,81819
1100,830,34,1,1:21.894,81894
1100,830,35,1,1:21.681,81681
1100,830,36,1,1:21.732,81732
1100,830,37,1,1:21.403,81403
1100,830,38,1,1:21.319,81319
1100,830,39,1,1:21.578,81578
1100,830,40,1,1:21.078,81078
1100,830,41,1,1:20.986,80986
1100,830,42,1,1:21.148,81148
1100,830,43,1,1:21.166,81166
1100,830,44,1,1:21.089,81089
1100,830,45,1,1:20.807,80807
1100,830,46,1,1:20.703,80703
1100,830,47,1,1:24.107,84107
1100,830,48,1,1:21.073,81073
1100,830,49,1,1:20.342,80342
1100,830,50,1,1:20.471,80471
1100,830,51,1,1:20.632,80632
1100,830,52,1,1:20.738,80738
1100,830,53,1,1:20.671,80671
1100,830,54,1,1:31.178,91178
1100,830,55,1,2:48.500,168500
1100,830,56,1,17:28.831,1048831
1100,830,57,1,2:59.625,179625
1100,830,58,1,33:34.652,2014652
1100,832,1,4,1:43.866,103866
1100,832,2,4,2:11.411,131411
1100,832,3,4,2:09.958,129958
1100,832,4,4,1:23.889,83889
1100,832,5,4,1:23.217,83217
1100,832,6,4,1:22.809,82809
1100,832,7,8,1:48.202,108202
1100,832,8,11,18:19.710,1099710
1100,832,9,11,3:10.689,190689
1100,832,10,10,1:30.864,90864
1100,832,11,9,1:24.433,84433
1100,832,12,8,1:23.199,83199
1100,832,13,8,1:22.862,82862
1100,832,14,7,1:22.958,82958
1100,832,15,6,1:22.587,82587
1100,832,16,6,1:23.225,83225
1100,832,17,5,1:22.945,82945
1100,832,18,5,1:44.581,104581
1100,832,19,5,1:39.533,99533
1100,832,20,5,1:22.102,82102
1100,832,21,5,1:22.150,82150
1100,832,22,5,1:22.903,82903
1100,832,23,5,1:22.523,82523
1100,832,24,5,1:22.425,82425
1100,832,25,4,1:22.994,82994
1100,832,26,4,1:22.438,82438
1100,832,27,4,1:22.099,82099
1100,832,28,4,1:21.919,81919
1100,832,29,4,1:22.412,82412
1100,832,30,4,1:22.155,82155
1100,832,31,4,1:21.854,81854
1100,832,32,4,1:21.986,81986
1100,832,33,4,1:21.770,81770
1100,832,34,4,1:21.877,81877
1100,832,35,4,1:21.692,81692
1100,832,36,4,1:21.695,81695
1100,832,37,4,1:21.659,81659
1100,832,38,4,1:21.552,81552
1100,832,39,4,1:21.852,81852
1100,832,40,4,1:21.942,81942
1100,832,41,4,1:21.412,81412
1100,832,42,4,1:21.340,81340
1100,832,43,4,1:21.074,81074
1100,832,44,4,1:21.337,81337
1100,832,45,4,1:21.303,81303
1100,832,46,4,1:21.308,81308
1100,832,47,4,1:21.033,81033
1100,832,48,4,1:21.235,81235
1100,832,49,4,1:21.102,81102
1100,832,50,4,1:20.970,80970
1100,832,51,4,1:20.826,80826
1100,832,52,4,1:20.719,80719
1100,832,53,4,1:20.467,80467
1100,832,54,4,1:38.214,98214
1100,832,55,4,16:50.212,1010212
1100,832,56,4,3:45.796,225796
1100,832,57,4,33:09.664,1989664
1100,832,58,4,2:47.016,167016
1100,4,1,5,1:45.543,105543
1100,4,2,5,2:10.728,130728
1100,4,3,5,2:09.502,129502
1100,4,4,5,1:24.293,84293
1100,4,5,5,1:23.290,83290
1100,4,6,5,1:22.603,82603
1100,4,7,3,1:35.355,95355
1100,4,8,3,18:02.497,1082497
1100,4,9,3,3:37.692,217692
1100,4,10,3,1:28.668,88668
1100,4,11,3,1:24.644,84644
1100,4,12,3,1:23.321,83321
1100,4,13,3,1:23.634,83634
1100,4,14,3,1:23.424,83424
1100,4,15,3,1:23.008,83008
1100,4,16,3,1:22.260,82260
1100,4,17,3,1:22.261,82261
1100,4,18,3,1:41.221,101221
1100,4,19,3,1:42.386,102386
1100,4,20,3,1:22.913,82913
1100,4,21,3,1:22.921,82921
1100,4,22,3,1:23.054,83054
1100,4,23,3,1:23.087,83087
1100,4,24,3,1:22.885,82885
1100,4,25,3,1:22.934,82934
1100,4,26,3,1:22.325,82325
1100,4,27,3,1:22.354,82354
1100,4,28,3,1:21.901,81901
1100,4,29,3,1:22.029,82029
1100,4,30,3,1:21.932,81932
1100,4,31,3,1:22.456,82456
1100,4,32,3,1:22.098,82098
1100,4,33,3,1:21.991,81991
1100,4,34,3,1:22.021,82021
1100,4,35,3,1:21.728,81728
1100,4,36,3,1:21.687,81687
1100,4,37,3,1:21.573,81573
1100,4,38,3,1:21.716,81716
1100,4,39,3,1:21.654,81654
1100,4,40,3,1:21.694,81694
1100,4,41,3,1:21.370,81370
1100,4,42,3,1:21.284,81284
1100,4,43,3,1:21.206,81206
1100,4,44,3,1:20.959,80959
1100,4,45,3,1:21.063,81063
1100,4,46,3,1:20.690,80690
1100,4,47,3,1:21.031,81031
1100,4,48,3,1:21.118,81118
1100,4,49,3,1:20.734,80734
1100,4,50,3,1:20.723,80723
1100,4,51,3,1:20.904,80904
1100,4,52,3,1:20.516,80516
1100,4,53,3,1:20.476,80476
1100,4,54,3,1:35.066,95066
1100,4,55,3,16:53.873,1013873
1100,4,56,3,3:48.511,228511
1100,4,57,3,33:07.549,1987549
1100,4,58,3,2:48.784,168784
1100,848,1,6,1:46.373,106373
1100,848,2,6,2:10.798,130798
1100,848,3,6,2:09.355,129355
1100,848,4,6,1:24.327,84327
1100,848,5,6,1:23.639,83639
1100,848,6,6,1:23.349,83349
1100,840,1,7,1:48.052,108052
1100,840,2,7,2:11.142,131142
1100,840,3,7,2:07.757,127757
1100,840,4,7,1:24.385,84385
1100,840,5,7,1:23.937,83937
1100,840,6,7,1:23.076,83076
1100,840,7,4,1:38.030,98030
1100,840,8,4,18:00.934,1080934
1100,840,9,4,3:34.648,214648
1100,840,10,6,1:30.499,90499
1100,840,11,6,1:24.738,84738
1100,840,12,6,1:23.277,83277
1100,840,13,6,1:23.802,83802
1100,840,14,6,1:23.271,83271
1100,840,15,7,1:23.647,83647
1100,840,16,7,1:23.077,83077
1100,840,17,6,1:23.317,83317
1100,840,18,6,1:45.340,105340
1100,840,19,6,1:38.708,98708
1100,840,20,6,1:22.155,82155
1100,840,21,6,1:22.187,82187
1100,840,22,6,1:22.731,82731
1100,840,23,6,1:22.699,82699
1100,840,24,6,1:22.543,82543
1100,840,25,6,1:23.371,83371
1100,840,26,6,1:22.502,82502
1100,840,27,6,1:22.104,82104
1100,840,28,6,1:22.187,82187
1100,840,29,6,1:22.005,82005
1100,840,30,6,1:22.187,82187
1100,840,31,6,1:22.069,82069
1100,840,32,6,1:22.174,82174
1100,840,33,6,1:21.976,81976
1100,840,34,6,1:22.231,82231
1100,840,35,6,1:22.065,82065
1100,840,36,6,1:22.048,82048
1100,840,37,6,1:22.298,82298
1100,840,38,6,1:21.451,81451
1100,840,39,6,1:21.691,81691
1100,840,40,6,1:21.506,81506
1100,840,41,6,1:21.725,81725
1100,840,42,6,1:21.583,81583
1100,840,43,6,1:21.189,81189
1100,840,44,6,1:22.039,82039
1100,840,45,6,1:21.317,81317
1100,840,46,6,1:21.273,81273
1100,840,47,6,1:21.435,81435
1100,840,48,6,1:21.025,81025
1100,840,49,6,1:21.133,81133
1100,840,50,6,1:20.934,80934
1100,840,51,6,1:21.155,81155
1100,840,52,6,1:21.131,81131
1100,840,53,6,1:20.957,80957
1100,840,54,6,1:39.175,99175
1100,840,55,6,16:49.361,1009361
1100,840,56,6,3:40.526,220526
1100,840,57,5,33:10.614,1990614
1100,840,58,5,2:47.064,167064
1100,842,1,8,1:50.293,110293
1100,842,2,8,2:11.323,131323
1100,842,3,8,2:05.832,125832
1100,842,4,8,1:24.671,84671
1100,842,5,8,1:24.290,84290
1100,842,6,8,1:23.529,83529
1100,842,7,5,1:36.571,96571
1100,842,8,5,18:03.170,1083170
1100,842,9,5,3:32.500,212500
1100,842,10,4,1:29.037,89037
1100,842,11,4,1:24.459,84459
1100,842,12,4,1:23.647,83647
1100,842,13,5,1:24.568,84568
1100,842,14,5,1:23.268,83268
1100,842,15,5,1:23.078,83078
1100,842,16,5,1:22.777,82777
1100,842,17,4,1:23.243,83243
1100,842,18,4,1:43.086,103086
1100,842,19,4,1:40.408,100408
1100,842,20,4,1:22.599,82599
1100,842,21,4,1:22.450,82450
1100,842,22,4,1:22.850,82850
1100,842,23,4,1:22.531,82531
1100,842,24,4,1:22.498,82498
1100,842,25,5,1:24.245,84245
1100,842,26,5,1:22.313,82313
1100,842,27,5,1:22.115,82115
1100,842,28,5,1:22.026,82026
1100,842,29,5,1:22.237,82237
1100,842,30,5,1:22.188,82188
1100,842,31,5,1:21.964,81964
1100,842,32,5,1:21.947,81947
1100,842,33,5,1:21.806,81806
1100,842,34,5,1:21.776,81776
1100,842,35,5,1:21.842,81842
1100,842,36,5,1:21.684,81684
1100,842,37,5,1:21.748,81748
1100,842,38,5,1:21.425,81425
1100,842,39,5,1:21.823,81823
1100,842,40,5,1:21.801,81801
1100,842,41,5,1:21.586,81586
1100,842,42,5,1:21.422,81422
1100,842,43,5,1:21.103,81103
1100,842,44,5,1:21.177,81177
1100,842,45,5,1:21.455,81455
1100,842,46,5,1:21.240,81240
1100,842,47,5,1:20.995,80995
1100,842,48,5,1:21.242,81242
1100,842,49,5,1:21.152,81152
1100,842,50,5,1:21.604,81604
1100,842,51,5,1:21.616,81616
1100,842,52,5,1:21.620,81620
1100,842,53,5,1:21.098,81098
1100,842,54,5,1:38.993,98993
1100,842,55,5,16:48.121,1008121
1100,842,56,5,3:43.365,223365
1100,807,1,9,1:51.408,111408
1100,807,2,9,2:11.316,131316
1100,807,3,9,2:05.204,125204
1100,807,4,9,1:24.833,84833
1100,807,5,9,1:24.295,84295
1100,807,6,9,1:23.539,83539
1100,807,7,6,1:39.166,99166
1100,807,8,6,18:01.953,1081953
1100,807,9,6,3:30.948,210948
1100,807,10,7,1:30.264,90264
1100,807,11,7,1:24.823,84823
1100,807,12,7,1:23.261,83261
1100,807,13,7,1:23.719,83719
1100,807,14,8,1:24.129,84129
1100,807,15,8,1:23.010,83010
1100,807,16,8,1:22.824,82824
1100,807,17,7,1:23.700,83700
1100,807,18,7,1:45.143,105143
1100,807,19,7,1:39.241,99241
1100,807,20,7,1:22.613,82613
1100,807,21,7,1:22.681,82681
1100,807,22,7,1:22.625,82625
1100,807,23,7,1:22.590,82590
1100,807,24,7,1:22.639,82639
1100,807,25,7,1:23.067,83067
1100,807,26,7,1:22.479,82479
1100,807,27,7,1:22.221,82221
1100,807,28,7,1:22.333,82333
1100,807,29,7,1:22.223,82223
1100,807,30,7,1:22.671,82671
1100,807,31,7,1:22.397,82397
1100,807,32,7,1:22.088,82088
1100,807,33,7,1:21.744,81744
1100,807,34,7,1:22.192,82192
1100,807,35,7,1:22.241,82241
1100,807,36,7,1:22.141,82141
1100,807,37,7,1:21.969,81969
1100,807,38,7,1:22.197,82197
1100,807,39,7,1:21.852,81852
1100,807,40,7,1:21.593,81593
1100,807,41,7,1:21.993,81993
1100,807,42,7,1:21.438,81438
1100,807,43,7,1:21.530,81530
1100,807,44,8,1:23.034,83034
1100,807,45,8,1:21.406,81406
1100,807,46,8,1:21.124,81124
1100,807,47,8,1:21.544,81544
1100,807,48,8,1:21.866,81866
1100,807,49,8,1:21.942,81942
1100,807,50,8,1:21.872,81872
1100,807,51,9,1:24.480,84480
1100,807,52,9,1:22.593,82593
1100,807,53,9,1:21.726,81726
1100,807,54,9,1:44.548,104548
1100,807,55,9,16:45.435,1005435
1100,807,56,9,3:26.676,206676
1100,807,57,8,33:18.718,1998718
1100,807,58,8,2:40.053,160053
1100,852,1,10,1:53.776,113776
1100,852,2,10,2:10.201,130201
1100,852,3,10,2:04.796,124796
1100,852,4,10,1:25.299,85299
1100,852,5,10,1:24.620,84620
1100,852,6,10,1:24.110,84110
1100,852,7,9,1:41.839,101839
1100,852,8,8,18:08.144,1088144
1100,852,9,8,3:20.388,200388
1100,852,10,8,1:30.664,90664
1100,852,11,8,1:24.878,84878
1100,852,12,9,1:24.596,84596
1100,852,13,9,1:23.629,83629
1100,852,14,10,1:24.369,84369
1100,852,15,10,1:23.945,83945
1100,852,16,10,1:24.004,84004
1100,852,17,9,1:23.704,83704
1100,852,18,9,1:46.475,106475
1100,852,19,9,1:38.349,98349
1100,852,20,9,1:23.267,83267
1100,852,21,9,1:23.906,83906
1100,852,22,9,1:23.222,83222
1100,852,23,10,1:23.846,83846
1100,852,24,10,1:23.760,83760
1100,852,25,10,1:23.612,83612
1100,852,26,10,1:23.431,83431
1100,852,27,11,1:23.693,83693
1100,852,28,11,1:23.130,83130
1100,852,29,12,1:23.893,83893
1100,852,30,12,1:23.558,83558
1100,852,31,12,1:23.831,83831
1100,852,32,12,1:23.246,83246
1100,852,33,12,1:23.068,83068
1100,852,34,12,1:23.934,83934
1100,852,35,14,1:25.477,85477
1100,852,36,14,1:23.310,83310
1100,852,37,14,1:23.084,83084
1100,852,38,14,1:23.057,83057
1100,852,39,14,1:23.193,83193
1100,852,40,14,1:22.901,82901
1100,852,41,14,1:22.910,82910
1100,852,42,14,1:22.881,82881
1100,852,43,14,1:22.806,82806
1100,852,44,14,1:22.387,82387
1100,852,45,14,1:22.111,82111
1100,852,46,14,1:22.299,82299
1100,852,47,14,1:22.009,82009
1100,852,48,14,1:22.040,82040
1100,852,49,14,1:22.294,82294
1100,852,50,14,1:22.011,82011
1100,852,51,14,1:21.827,81827
1100,852,52,14,1:21.789,81789
1100,852,53,13,1:31.019,91019
1100,852,54,13,2:03.458,123458
1100,852,55,13,15:58.961,958961
1100,852,56,12,3:12.156,192156
1100,852,57,11,33:22.289,2002289
1100,852,58,11,2:36.971,156971
1100,846,1,11,1:56.566,116566
1100,846,2,11,2:07.813,127813
1100,846,3,11,2:04.797,124797
1100,846,4,11,1:25.444,85444
1100,846,5,11,1:24.732,84732
1100,846,6,11,1:23.858,83858
1100,846,7,10,1:42.393,102393
1100,846,8,9,18:11.111,1091111
1100,846,9,9,3:16.590,196590
1100,846,10,9,1:30.926,90926
1100,846,11,10,1:25.817,85817
1100,846,12,10,1:23.775,83775
1100,846,13,10,1:23.540,83540
1100,846,14,9,1:23.307,83307
1100,846,15,9,1:23.568,83568
1100,846,16,9,1:23.111,83111
1100,846,17,8,1:22.986,82986
1100,846,18,8,1:45.957,105957
1100,846,19,8,1:38.450,98450
1100,846,20,8,1:22.741,82741
1100,846,21,8,1:22.828,82828
1100,846,22,8,1:22.532,82532
1100,846,23,8,1:22.650,82650
1100,846,24,8,1:22.536,82536
1100,846,25,8,1:22.560,82560
1100,846,26,8,1:22.458,82458
1100,846,27,8,1:22.415,82415
1100,846,28,8,1:22.426,82426
1100,846,29,8,1:22.234,82234
1100,846,30,8,1:22.228,82228
1100,846,31,8,1:22.339,82339
1100,846,32,8,1:22.160,82160
1100,846,33,8,1:22.280,82280
1100,846,34,8,1:22.294,82294
1100,846,35,8,1:22.147,82147
1100,846,36,8,1:22.090,82090
1100,846,37,8,1:22.155,82155
1100,846,38,8,1:21.856,81856
1100,846,39,8,1:21.657,81657
1100,846,40,8,1:21.643,81643
1100,846,41,8,1:21.674,81674
1100,846,42,8,1:21.496,81496
1100,846,43,9,1:22.219,82219
1100,846,44,9,1:21.272,81272
1100,846,45,9,1:21.518,81518
1100,846,46,9,1:21.173,81173
1100,846,47,9,1:21.482,81482
1100,846,48,9,1:21.784,81784
1100,846,49,9,1:22.341,82341
1100,846,50,9,1:21.714,81714
1100,846,51,8,1:22.032,82032
1100,846,52,8,1:21.352,81352
1100,846,53,8,1:21.259,81259
1100,846,54,8,1:44.622,104622
1100,846,55,8,16:47.053,1007053
1100,846,56,8,3:28.399,208399
1100,846,57,7,33:16.711,1996711
1100,846,58,7,2:41.001,161001
1100,825,1,12,1:58.026,118026
1100,825,2,12,2:07.597,127597
1100,825,3,12,2:04.025,124025
1100,825,4,12,1:25.406,85406
1100,825,5,12,1:25.054,85054
1100,825,6,12,1:23.956,83956
1100,825,7,18,1:57.790,117790
1100,825,8,18,18:25.117,1105117
1100,825,9,18,2:47.847,167847
1100,825,10,14,1:32.162,92162
1100,825,11,14,1:25.389,85389
1100,825,12,14,1:23.863,83863
1100,825,13,14,1:23.538,83538
1100,825,14,14,1:23.519,83519
1100,825,15,15,1:25.158,85158
1100,825,16,15,1:24.687,84687
1100,825,17,14,1:23.574,83574
1100,825,18,14,1:49.154,109154
1100,825,19,14,1:36.945,96945
1100,825,20,14,1:23.584,83584
1100,825,21,14,1:23.425,83425
1100,825,22,14,1:23.387,83387
1100,825,23,14,1:23.313,83313
1100,825,24,14,1:23.043,83043
1100,825,25,14,1:23.216,83216
1100,825,26,14,1:23.235,83235
1100,825,27,14,1:22.554,82554
1100,825,28,14,1:23.442,83442
1100,825,29,14,1:22.587,82587
1100,825,30,14,1:23.476,83476
1100,825,31,14,1:24.146,84146
1100,825,32,14,1:23.534,83534
1100,825,33,14,1:22.592,82592
1100,825,34,14,1:23.295,83295
1100,825,35,13,1:24.159,84159
1100,825,36,12,1:22.807,82807
1100,825,37,12,1:23.212,83212
1100,825,38,12,1:22.647,82647
1100,825,39,12,1:22.484,82484
1100,825,40,12,1:22.141,82141
1100,825,41,12,1:22.774,82774
1100,825,42,12,1:22.530,82530
1100,825,43,12,1:22.209,82209
1100,825,44,12,1:22.164,82164
1100,825,45,12,1:21.963,81963
1100,825,46,12,1:21.792,81792
1100,825,47,12,1:21.919,81919
1100,825,48,12,1:21.972,81972
1100,825,49,12,1:21.963,81963
1100,825,50,12,1:21.978,81978
1100,825,51,12,1:22.575,82575
1100,825,52,12,1:21.685,81685
1100,857,1,13,1:58.915,118915
1100,857,2,13,2:07.150,127150
1100,857,3,13,2:04.169,124169
1100,857,4,13,1:25.428,85428
1100,857,5,13,1:24.996,84996
1100,857,6,13,1:24.052,84052
1100,857,7,11,1:41.556,101556
1100,857,8,10,18:12.634,1092634
1100,857,9,10,3:14.742,194742
1100,857,10,11,1:31.821,91821
1100,857,11,11,1:25.221,85221
1100,857,12,11,1:23.759,83759
1100,857,13,11,1:23.496,83496
1100,857,14,11,1:23.560,83560
1100,857,15,11,1:25.236,85236
1100,857,16,11,1:23.558,83558
1100,857,17,10,1:23.229,83229
1100,857,18,10,1:46.859,106859
1100,857,19,10,1:38.081,98081
1100,857,20,10,1:23.051,83051
1100,857,21,10,1:23.996,83996
1100,857,22,11,1:23.854,83854
1100,857,23,11,1:23.200,83200
1100,857,24,11,1:23.796,83796
1100,857,25,11,1:23.478,83478
1100,857,26,12,1:24.327,84327
1100,857,27,12,1:22.995,82995
1100,857,28,12,1:22.825,82825
1100,857,29,11,1:22.635,82635
1100,857,30,11,1:23.083,83083
1100,857,31,11,1:22.662,82662
1100,857,32,11,1:22.855,82855
1100,857,33,11,1:22.431,82431
1100,857,34,11,1:22.504,82504
1100,857,35,11,1:22.471,82471
1100,857,36,11,1:22.473,82473
1100,857,37,11,1:22.346,82346
1100,857,38,11,1:22.316,82316
1100,857,39,11,1:22.512,82512
1100,857,40,11,1:22.003,82003
1100,857,41,11,1:21.931,81931
1100,857,42,11,1:22.101,82101
1100,857,43,11,1:22.218,82218
1100,857,44,11,1:21.697,81697
1100,857,45,11,1:21.707,81707
1100,857,46,11,1:21.652,81652
1100,857,47,11,1:21.669,81669
1100,857,48,11,1:21.686,81686
1100,857,49,11,1:21.525,81525
1100,857,50,11,1:21.752,81752
1100,857,51,11,1:21.737,81737
1100,857,52,11,1:21.683,81683
1100,857,53,11,1:21.335,81335
1100,857,54,11,2:02.932,122932
1100,857,55,11,16:18.431,978431
1100,857,56,11,3:20.722,200722
1100,857,57,9,33:20.574,2000574
1100,857,58,9,2:38.126,158126
1100,856,1,14,1:59.887,119887
1100,856,2,14,2:07.500,127500
1100,856,3,14,2:03.952,123952
1100,856,4,14,1:25.259,85259
1100,856,5,14,1:25.025,85025
1100,856,6,14,1:24.180,84180
1100,856,7,12,1:41.827,101827
1100,856,8,12,18:18.805,1098805
1100,856,9,12,3:07.449,187449
1100,856,10,17,1:34.287,94287
1100,856,11,17,1:25.891,85891
1100,856,12,17,1:24.118,84118
1100,856,13,17,1:23.579,83579
1100,856,14,17,1:23.662,83662
1100,856,15,17,1:23.984,83984
1100,856,16,17,1:24.689,84689
1100,856,17,17,1:24.010,84010
1100,856,18,17,1:51.842,111842
1100,856,19,17,1:35.942,95942
1100,856,20,16,1:24.161,84161
1100,856,21,16,1:23.792,83792
1100,856,22,16,1:24.349,84349
1100,856,23,16,1:24.019,84019
1100,856,24,16,1:24.229,84229
1100,856,25,16,1:24.453,84453
1100,856,26,16,1:24.353,84353
1100,856,27,17,1:26.014,86014
1100,856,28,17,1:24.406,84406
1100,856,29,17,1:24.527,84527
1100,856,30,17,1:24.284,84284
1100,856,31,17,1:24.333,84333
1100,856,32,17,1:24.357,84357
1100,856,33,17,1:23.992,83992
1100,856,34,17,1:24.134,84134
1100,856,35,17,1:24.628,84628
1100,856,36,16,1:24.398,84398
1100,856,37,16,1:24.155,84155
1100,856,38,16,1:24.131,84131
1100,856,39,16,1:23.947,83947
1100,856,40,16,1:23.933,83933
1100,856,41,16,1:23.696,83696
1100,856,42,16,1:24.184,84184
1100,856,43,16,1:25.035,85035
1100,856,44,16,1:23.637,83637
1100,856,45,17,1:38.544,98544
1100,856,46,17,1:28.530,88530
1100,856,47,17,1:21.844,81844
1100,856,48,17,1:21.693,81693
1100,856,49,17,1:21.288,81288
1100,856,50,17,1:21.183,81183
1100,856,51,17,1:21.331,81331
1100,856,52,17,1:21.189,81189
1100,856,53,16,1:45.538,105538
1100,856,54,16,9:18.552,558552
1100,856,55,16,7:47.991,467991
1100,856,56,15,3:04.995,184995
1100,839,1,15,2:02.304,122304
1100,839,2,15,2:06.286,126286
1100,839,3,15,2:03.289,123289
1100,839,4,15,1:25.603,85603
1100,839,5,15,1:24.974,84974
1100,839,6,15,1:23.963,83963
1100,839,7,13,1:41.541,101541
1100,839,8,13,18:21.093,1101093
1100,839,9,14,3:04.973,184973
1100,839,10,13,1:32.567,92567
1100,839,11,13,1:25.266,85266
1100,839,12,13,1:23.841,83841
1100,839,13,13,1:23.486,83486
1100,839,14,13,1:23.490,83490
1100,839,15,13,1:24.884,84884
1100,839,16,12,1:23.447,83447
1100,839,17,11,1:23.008,83008
1100,839,18,11,1:47.904,107904
1100,839,19,11,1:37.286,97286
1100,839,20,11,1:22.770,82770
1100,839,21,12,1:24.341,84341
1100,839,22,12,1:23.518,83518
1100,839,23,12,1:23.585,83585
1100,839,24,12,1:23.404,83404
1100,839,25,12,1:23.632,83632
1100,839,26,11,1:22.913,82913
1100,839,27,10,1:22.047,82047
1100,839,28,10,1:22.256,82256
1100,839,29,10,1:22.138,82138
1100,839,30,10,1:21.998,81998
1100,839,31,10,1:22.027,82027
1100,839,32,10,1:22.041,82041
1100,839,33,10,1:22.088,82088
1100,839,34,10,1:21.788,81788
1100,839,35,10,1:22.071,82071
1100,839,36,10,1:22.772,82772
1100,839,37,10,1:21.954,81954
1100,839,38,10,1:21.869,81869
1100,839,39,10,1:21.750,81750
1100,839,40,10,1:21.902,81902
1100,839,41,10,1:21.675,81675
1100,839,42,10,1:21.539,81539
1100,839,43,10,1:21.273,81273
1100,839,44,10,1:21.203,81203
1100,839,45,10,1:21.476,81476
1100,839,46,10,1:21.508,81508
1100,839,47,10,1:21.382,81382
1100,839,48,10,1:21.470,81470
1100,839,49,10,1:21.668,81668
1100,839,50,10,1:21.204,81204
1100,839,51,10,1:21.452,81452
1100,839,52,10,1:21.436,81436
1100,839,53,10,1:21.338,81338
1100,839,54,10,1:46.329,106329
1100,839,55,10,16:44.646,1004646
1100,839,56,10,3:23.112,203112
1100,855,1,16,2:09.967,129967
1100,855,2,16,1:59.863,119863
1100,855,3,16,2:03.710,123710
1100,855,4,16,1:25.204,85204
1100,855,5,16,1:24.847,84847
1100,855,6,17,1:24.856,84856
1100,855,7,15,1:41.268,101268
1100,855,8,15,18:26.059,1106059
1100,855,9,15,2:58.607,178607
1100,855,10,12,1:31.657,91657
1100,855,11,12,1:25.230,85230
1100,855,12,12,1:23.869,83869
1100,855,13,12,1:23.411,83411
1100,855,14,12,1:23.581,83581
1100,855,15,12,1:25.028,85028
1100,855,16,14,1:25.545,85545
1100,855,17,13,1:23.374,83374
1100,855,18,13,1:47.644,107644
1100,855,19,13,1:37.806,97806
1100,855,20,13,1:23.666,83666
1100,855,21,13,1:23.268,83268
1100,855,22,13,1:23.205,83205
1100,855,23,13,1:23.418,83418
1100,855,24,13,1:23.121,83121
1100,855,25,13,1:23.460,83460
1100,855,26,13,1:23.488,83488
1100,855,27,13,1:22.631,82631
1100,855,28,13,1:22.904,82904
1100,855,29,13,1:23.250,83250
1100,855,30,13,1:23.563,83563
1100,855,31,13,1:24.468,84468
1100,855,32,13,1:23.025,83025
1100,855,33,13,1:22.777,82777
1100,855,34,13,1:23.493,83493
1100,855,35,12,1:23.667,83667
1100,855,36,13,1:24.117,84117
1100,855,37,13,1:23.222,83222
1100,855,38,13,1:22.917,82917
1100,855,39,13,1:22.464,82464
1100,855,40,13,1:22.243,82243
1100,855,41,13,1:22.246,82246
1100,855,42,13,1:22.732,82732
1100,855,43,13,1:22.348,82348
1100,855,44,13,1:22.115,82115
1100,855,45,13,1:22.049,82049
1100,855,46,13,1:21.936,81936
1100,855,47,13,1:21.862,81862
1100,855,48,13,1:21.819,81819
1100,855,49,13,1:21.983,81983
1100,855,50,13,1:21.836,81836
1100,855,51,13,1:22.781,82781
1100,855,52,13,1:22.050,82050
1100,855,53,12,1:26.766,86766
1100,855,54,12,2:10.457,130457
1100,855,55,12,15:55.515,955515
1100,855,56,13,3:16.801,196801
1100,855,57,10,33:21.493,2001493
1100,855,58,10,2:37.402,157402
1100,858,1,17,2:11.454,131454
1100,858,2,19,2:13.100,133100
1100,858,3,19,1:50.807,110807
1100,858,4,19,1:25.804,85804
1100,858,5,19,1:25.136,85136
1100,858,6,19,1:24.319,84319
1100,858,7,17,1:42.694,102694
1100,858,8,17,18:26.846,1106846
1100,858,9,16,2:54.365,174365
1100,858,10,15,1:32.633,92633
1100,858,11,15,1:25.760,85760
1100,858,12,15,1:24.080,84080
1100,858,13,16,1:24.245,84245
1100,858,14,16,1:23.499,83499
1100,858,15,16,1:24.186,84186
1100,858,16,16,1:24.676,84676
1100,858,17,16,1:24.105,84105
1100,858,18,15,1:49.052,109052
1100,858,19,15,1:36.916,96916
1100,858,20,15,1:23.766,83766
1100,858,21,15,1:23.878,83878
1100,858,22,15,1:24.059,84059
1100,858,23,15,1:23.982,83982
1100,858,24,15,1:24.049,84049
1100,858,25,15,1:23.993,83993
1100,858,26,15,1:24.205,84205
1100,858,27,15,1:23.758,83758
1100,858,28,15,1:23.735,83735
1100,858,29,15,1:24.122,84122
1100,858,30,15,1:24.282,84282
1100,858,31,15,1:24.160,84160
1100,858,32,15,1:23.996,83996
1100,858,33,15,1:24.377,84377
1100,858,34,15,1:23.848,83848
1100,858,35,16,1:24.874,84874
1100,858,36,17,1:39.313,99313
1100,858,37,17,1:29.657,89657
1100,858,38,17,1:24.396,84396
1100,858,39,17,1:22.887,82887
1100,858,40,17,1:22.674,82674
1100,858,41,17,1:21.974,81974
1100,858,42,17,1:21.945,81945
1100,858,43,17,1:21.881,81881
1100,858,44,17,1:21.570,81570
1100,858,45,16,1:21.912,81912
1100,858,46,16,1:21.563,81563
1100,858,47,16,1:25.687,85687
1100,858,48,16,1:25.121,85121
1100,858,49,16,1:23.324,83324
1100,858,50,16,1:21.456,81456
1100,858,51,16,1:23.403,83403
1100,858,52,16,1:21.514,81514
1100,858,53,15,1:41.181,101181
1100,858,54,15,6:33.824,393824
1100,858,55,15,10:44.225,644225
1100,858,56,16,3:07.662,187662
1100,815,1,18,2:12.096,132096
1100,815,2,18,2:11.789,131789
1100,815,3,18,1:50.649,110649
1100,815,4,17,1:25.108,85108
1100,815,5,17,1:24.501,84501
1100,815,6,16,1:23.584,83584
1100,815,7,14,1:41.110,101110
1100,815,8,14,18:23.263,1103263
1100,815,9,13,3:01.911,181911
1100,815,10,16,1:33.436,93436
1100,815,11,16,1:26.003,86003
1100,815,12,16,1:23.982,83982
1100,815,13,15,1:23.052,83052
1100,815,14,15,1:23.330,83330
1100,815,15,14,1:24.167,84167
1100,815,16,13,1:24.299,84299
1100,815,17,12,1:22.345,82345
1100,815,18,12,1:48.483,108483
1100,815,19,12,1:36.565,96565
1100,815,20,12,1:22.757,82757
1100,815,21,11,1:23.537,83537
1100,815,22,10,1:22.737,82737
1100,815,23,9,1:22.186,82186
1100,815,24,9,1:22.678,82678
1100,815,25,9,1:22.064,82064
1100,815,26,9,1:22.224,82224
1100,815,27,9,1:22.070,82070
1100,815,28,9,1:22.244,82244
1100,815,29,9,1:21.908,81908
1100,815,30,9,1:21.918,81918
1100,815,31,9,1:21.812,81812
1100,815,32,9,1:21.456,81456
1100,815,33,9,1:21.807,81807
1100,815,34,9,1:21.907,81907
1100,815,35,9,1:22.236,82236
1100,815,36,9,1:22.059,82059
1100,815,37,9,1:21.814,81814
1100,815,38,9,1:21.701,81701
1100,815,39,9,1:21.718,81718
1100,815,40,9,1:21.602,81602
1100,815,41,9,1:21.744,81744
1100,815,42,9,1:20.979,80979
1100,815,43,8,1:20.697,80697
1100,815,44,7,1:21.232,81232
1100,815,45,7,1:21.147,81147
1100,815,46,7,1:21.004,81004
1100,815,47,7,1:20.643,80643
1100,815,48,7,1:20.732,80732
1100,815,49,7,1:20.747,80747
1100,815,50,7,1:21.019,81019
1100,815,51,7,1:21.310,81310
1100,815,52,7,1:20.855,80855
1100,815,53,7,1:20.235,80235
1100,815,54,7,1:40.500,100500
1100,815,55,7,16:51.290,1011290
1100,815,56,7,3:35.812,215812
1100,815,57,6,33:14.312,1994312
1100,815,58,6,2:43.325,163325
1100,822,1,19,2:17.156,137156
1100,822,2,17,1:54.147,114147
1100,822,3,17,2:02.845,122845
1100,822,4,18,1:26.356,86356
1100,822,5,18,1:24.849,84849
1100,822,6,18,1:24.331,84331
1100,822,7,16,1:43.169,103169
1100,822,8,16,18:25.148,1105148
1100,822,9,17,2:56.532,176532
1100,822,10,18,1:34.202,94202
1100,822,11,18,1:25.889,85889
1100,822,12,18,1:24.397,84397
1100,822,13,18,1:23.394,83394
1100,822,14,18,1:23.598,83598
1100,822,15,18,1:23.939,83939
1100,822,16,18,1:24.456,84456
1100,822,17,18,1:24.103,84103
1100,822,18,16,1:49.902,109902
1100,822,19,16,1:36.697,96697
1100,822,20,17,1:25.798,85798
1100,822,21,17,1:24.504,84504
1100,822,22,17,1:23.753,83753
1100,822,23,17,1:23.485,83485
1100,822,24,17,1:24.155,84155
1100,822,25,17,1:24.481,84481
1100,822,26,17,1:24.149,84149
1100,822,27,16,1:24.528,84528
1100,822,28,16,1:23.298,83298
1100,822,29,16,1:23.014,83014
1100,822,30,16,1:23.485,83485
1100,822,31,16,1:23.366,83366
1100,822,32,16,1:23.593,83593
1100,822,33,16,1:23.716,83716
1100,822,34,16,1:23.765,83765
1100,822,35,15,1:23.049,83049
1100,822,36,15,1:22.831,82831
1100,822,37,15,1:23.020,83020
1100,822,38,15,1:22.773,82773
1100,822,39,15,1:23.019,83019
1100,822,40,15,1:22.695,82695
1100,822,41,15,1:23.085,83085
1100,822,42,15,1:22.944,82944
1100,822,43,15,1:22.563,82563
1100,822,44,15,1:22.523,82523
1100,822,45,15,1:22.391,82391
1100,822,46,15,1:22.233,82233
1100,822,47,15,1:22.370,82370
1100,822,48,15,1:22.436,82436
1100,822,49,15,1:22.473,82473
1100,822,50,15,1:22.405,82405
1100,822,51,15,1:22.473,82473
1100,822,52,15,1:22.661,82661
1100,822,53,14,1:50.643,110643
1100,822,54,14,6:35.214,395214
1100,822,55,14,10:58.233,658233
1100,822,56,14,3:09.210,189210
1100,822,57,12,33:24.625,2004625
1100,822,58,12,2:34.815,154815
